control,branch,value,unit,description,read_by,ruling,note
checkpoint_max_mb,runtime,500,megabytes,Ceiling on one run's checkpoint store. Crossing it stops the run and alerts instead of filling the disk.,"the runtime, before each checkpoint write",Yakov #6321 / #6297,Added after a runaway loop wrote a 90 GB checkpoint database on 2026-08-31 and took the server to 93% full.
run_step_ceiling,runtime,400,supersteps,"Hard ceiling on how many graph steps ONE run may execute, loops included. It is the backstop above every per-step loop_ceiling: a 48-step flow whose loops all run to their limit stays far below it, and a routing bug that would otherwise spin for ever hits it and stops.","the runtime, as the graph recursion limit on every invoke and resume","Interface proposal during the phase A build, #6490",The 2026-08-31 runaway that wrote 90 GB of checkpoints had no ceiling of this kind. Per-step loop_ceiling bounds ONE loop; this bounds the whole run.
gate_poll_seconds,runtime,3,seconds,"How long ONE Telegram long-poll waits before asking again. This is the worst-case delay between Yakov pressing a button and the run moving. Measured 2026-08-31 at 25 seconds: the answered gates showed waits of 24, 40 and 51 seconds - multiples of the cycle, not of Yakov. Three seconds costs about twenty requests a minute, far inside Telegram's limits, and makes the button feel immediate.",the Telegram gate channel,"Interface proposal during the phase A build, #6534",Telegram's own getUpdates long-poll ceiling is 50s; 25 keeps a stop responsive.
gate_timeout_minutes,runtime,1440,minutes,"How long a run waits at a human gate before it stops waiting and leaves the run paused on disk. The run is NOT cancelled - the checkpoint holds, and resuming it later is one command.",the Telegram gate channel,"Interface proposal during the phase A build, #6490",A gate is a human decision; the default is a full day so a night does not kill a run.
engine_timeout_seconds,runtime,600,seconds,Ceiling on one engine call made through the single engine wrapper.,the engine wrapper,"Interface proposal during the phase A build, #6490",
artifact_max_mb,runtime,200,megabytes,"Largest single file the artifact store accepts on the host. Above it the run stops and asks, rather than silently parking something enormous.",the artifact store,ruling 8,Heavy files never enter git; this bounds what enters the host store too.
commit_file_max_kb,runtime,2048,kilobytes,The file-size gate: no file this large or larger may enter a commit on the runtime repository.,the push gates,ruling 8,This is the gate that stops a render or a CAD export slipping into the repository.
agent_loop_max_turns,runtime,12,turns,How many times ONE agent step may go round the think-call-a-tool-read-the-result loop before it must answer. The step ends with whatever it has; it is never cut off silently - the record says the ceiling was reached.,the agent loop in the engine wrapper,"Interface proposal during the phase A build, #6506",Bounds cost and time per step. The run_step_ceiling bounds the whole run; this bounds one step inside it.
tool_timeout_seconds,runtime,120,seconds,"Ceiling on one local tool call - a fetch, a file write, a read.",the tool layer,"Interface proposal during the phase A build, #6506",
